Eesnimi;Perenimi;Sünniaeg;Sugu;Isikukood;Kasutajanimi;Epost
Jan;Kool;21.10.1996;jan.kool;jan.kool@asutus.com
Kairit;Järvesaar;22.06.1992;kairit.jarvesaar;kairit.jarvesaar@asutus.com
Marili;Kink;29.01.1995;marili.kink;marili.kink@asutus.com
Meribel;Drozdov;24.07.1992;meribel.drozdov;meribel.drozdov@asutus.com
Ian;Leppik;16.01.1993;ian.leppik;ian.leppik@asutus.com
Jüri;Tamberg;25.09.1999;juri.tamberg;juri.tamberg@asutus.com
Markkus;Vain;12.07.1994;markkus.vain;markkus.vain@asutus.com
Kätlin;Stepanov;11.10.1998;katlin.stepanov;katlin.stepanov@asutus.com
Tarvi;Trei;01.11.1991;tarvi.trei;tarvi.trei@asutus.com
Aivar;Merisaar;22.09.1997;aivar.merisaar;aivar.merisaar@asutus.com
Kaspar;Medvedev;23.09.1996;kaspar.medvedev;kaspar.medvedev@asutus.com
Matthias;Herodes;23.01.1991;matthias.herodes;matthias.herodes@asutus.com
Anastassia;Tsvetkov;04.01.1999;anastassia.tsvetkov;anastassia.tsvetkov@asutus.com
Veiko;Jakobson;12.06.1994;veiko.jakobson;veiko.jakobson@asutus.com
Maria;Toomsalu;09.12.1998;maria.toomsalu;maria.toomsalu@asutus.com
Teili;Ploom;07.08.1992;teili.ploom;teili.ploom@asutus.com
Lija;Tammet;13.10.1996;lija.tammet;lija.tammet@asutus.com
Aire;Kroon;07.04.1991;aire.kroon;aire.kroon@asutus.com
Siim;Paju;13.04.1997;siim.paju;siim.paju@asutus.com
Kirsika;Tamm;18.04.1997;kirsika.tamm;kirsika.tamm@asutus.com
Merily;Mürk;28.08.1992;merily.murk;merily.murk@asutus.com
Taisi;Kirss;13.09.1999;taisi.kirss;taisi.kirss@asutus.com
Marti;Mann;19.07.1991;marti.mann;marti.mann@asutus.com
Ervin;Kalda;18.07.1990;ervin.kalda;ervin.kalda@asutus.com
Helis;Pihlak;03.06.1994;helis.pihlak;helis.pihlak@asutus.com
Reimo;Silm;23.08.1994;reimo.silm;reimo.silm@asutus.com
Vanessa;Sorokin;13.01.1990;vanessa.sorokin;vanessa.sorokin@asutus.com
Keily;Kalinin;26.03.1994;keily.kalinin;keily.kalinin@asutus.com
Emilie;Lokk;26.09.1994;emilie.lokk;emilie.lokk@asutus.com
Elar;Baskin;02.09.1992;elar.baskin;elar.baskin@asutus.com
Alar;Kodres;08.03.1997;alar.kodres;alar.kodres@asutus.com
Inna;Niit;08.03.1993;inna.niit;inna.niit@asutus.com
Rebeca;Sepp;18.02.1993;rebeca.sepp;rebeca.sepp@asutus.com
Frank;Rätsep;25.02.1992;frank.ratsep;frank.ratsep@asutus.com
Renno;Nuut;02.05.1992;renno.nuut;renno.nuut@asutus.com
Meelis;Lang;13.09.1992;meelis.lang;meelis.lang@asutus.com
Joonas;Reimann;19.02.1998;joonas.reimann;joonas.reimann@asutus.com
Gabriel;Viks;18.01.1998;gabriel.viks;gabriel.viks@asutus.com
Greete;Mäeots;07.06.1994;greete.maeots;greete.maeots@asutus.com
Kärt;Kaljula;30.06.1990;kart.kaljula;kart.kaljula@asutus.com
Christian;Kulikov;24.03.1995;christian.kulikov;christian.kulikov@asutus.com
Alexandra;Tsvetkov;01.07.1990;alexandra.tsvetkov;alexandra.tsvetkov@asutus.com
Marelle;Michelson;21.01.1990;marelle.michelson;marelle.michelson@asutus.com
Katre;Ott;02.05.1990;katre.ott;katre.ott@asutus.com
Ander;Moor;27.04.1999;ander.moor;ander.moor@asutus.com
Stepan;Simson;05.04.1999;stepan.simson;stepan.simson@asutus.com
Marie;Karpov;12.11.1991;marie.karpov;marie.karpov@asutus.com
Svjatoslav;Õispuu;06.08.1990;svjatoslav.oispuu;svjatoslav.oispuu@asutus.com
Dariya;Tiik;28.05.1990;dariya.tiik;dariya.tiik@asutus.com
Mark;Kattai;08.02.1996;mark.kattai;mark.kattai@asutus.com
Reena;Jeršov;05.12.1993;reena.jersov;reena.jersov@asutus.com
Marielle;Kiis;14.03.1996;marielle.kiis;marielle.kiis@asutus.com
Sofja;Mark;22.04.1993;sofja.mark;sofja.mark@asutus.com
Evelina;Karu;13.10.1995;evelina.karu;evelina.karu@asutus.com
Heidy;Meier;01.02.1995;heidy.meier;heidy.meier@asutus.com
Erik;Vares;26.10.1995;erik.vares;erik.vares@asutus.com
Ege;Heinsalu;04.09.1994;ege.heinsalu;ege.heinsalu@asutus.com
Kirsika;Jürgenson;12.12.1996;kirsika.jurgenson;kirsika.jurgenson@asutus.com
Jelena;Matvejev;15.03.1999;jelena.matvejev;jelena.matvejev@asutus.com
Tormi;Marksoo;24.02.1990;tormi.marksoo;tormi.marksoo@asutus.com
Kevin;Püvi;20.04.1997;kevin.puvi;kevin.puvi@asutus.com
Kristin;Ojala;11.07.1990;kristin.ojala;kristin.ojala@asutus.com
Hanna Maria;Jaakson;14.12.1992;hannamaria.jaakson;hannamaria.jaakson@asutus.com
Sonja;Kukk;20.09.1993;sonja.kukk;sonja.kukk@asutus.com
Maris;Maslov;19.05.1999;maris.maslov;maris.maslov@asutus.com
Nele;Ojala;30.08.1992;nele.ojala;nele.ojala@asutus.com
Jevgenija;Piir;27.11.1991;jevgenija.piir;jevgenija.piir@asutus.com
Alexandra;Ignatjev;19.12.1995;alexandra.ignatjev;alexandra.ignatjev@asutus.com
Andrea;Sarapuu;12.03.1999;andrea.sarapuu;andrea.sarapuu@asutus.com
Olari;Kondratjev;18.08.1999;olari.kondratjev;olari.kondratjev@asutus.com
Killu;Kuusk;16.09.1993;killu.kuusk;killu.kuusk@asutus.com
Maikel;Lang;03.07.1992;maikel.lang;maikel.lang@asutus.com
Gertu;Žukov;13.08.1993;gertu.zukov;gertu.zukov@asutus.com
Heiko;Bondarenko;06.02.1995;heiko.bondarenko;heiko.bondarenko@asutus.com
Rustam;Mets;08.08.1995;rustam.mets;rustam.mets@asutus.com
Inna;Kikkas;19.07.1991;inna.kikkas;inna.kikkas@asutus.com
Kati;Merila;17.06.1997;kati.merila;kati.merila@asutus.com
Ramon;Veski;07.07.1992;ramon.veski;ramon.veski@asutus.com
Liisbet;Baranov;05.10.1993;liisbet.baranov;liisbet.baranov@asutus.com
Ksenija;Männik;10.09.1995;ksenija.mannik;ksenija.mannik@asutus.com
Aili;Käär;25.06.1999;aili.kaar;aili.kaar@asutus.com
Marin;Reimann;25.11.1992;marin.reimann;marin.reimann@asutus.com
Anna-Liis;Poom;17.03.1991;annaliis.poom;annaliis.poom@asutus.com
Liilia;Mändla;24.08.1999;liilia.mandla;liilia.mandla@asutus.com
Toni;Kiik;10.05.1998;toni.kiik;toni.kiik@asutus.com
Marlon;Bogdanov;30.04.1993;marlon.bogdanov;marlon.bogdanov@asutus.com
Mia;Pihelgas;16.01.1998;mia.pihelgas;mia.pihelgas@asutus.com
Hanna-Maria;Sobolev;14.07.1992;hannamaria.sobolev;hannamaria.sobolev@asutus.com
Kenet;Hallik;09.02.1993;kenet.hallik;kenet.hallik@asutus.com
Gea;Puusepp;07.09.1990;gea.puusepp;gea.puusepp@asutus.com
Rain;Kruglov;18.06.1998;rain.kruglov;rain.kruglov@asutus.com
Cassandra;Jegorov;17.08.1996;cassandra.jegorov;cassandra.jegorov@asutus.com
Maarja-Liisa;Tiits;14.02.1991;maarjaliisa.tiits;maarjaliisa.tiits@asutus.com
Keiti;Maasik;18.08.1993;keiti.maasik;keiti.maasik@asutus.com
Aap;Viik;29.12.1996;aap.viik;aap.viik@asutus.com
Ene;Ossipov;06.07.1999;ene.ossipov;ene.ossipov@asutus.com
Daria;Konstantinov;31.10.1999;daria.konstantinov;daria.konstantinov@asutus.com
Ayrton;Gross;09.09.1998;ayrton.gross;ayrton.gross@asutus.com
Karol;Annus;03.01.1994;karol.annus;karol.annus@asutus.com
Marcos;Kutsar;01.05.1997;marcos.kutsar;marcos.kutsar@asutus.com
Urmas;Krõlov;02.12.1998;urmas.krolov;urmas.krolov@asutus.com
Anatoli;Müürsepp;24.07.1994;anatoli.muursepp;anatoli.muursepp@asutus.com
Deivi;Kilk;29.09.1999;deivi.kilk;deivi.kilk@asutus.com
Arabella;Kikkas;07.08.1995;arabella.kikkas;arabella.kikkas@asutus.com
Kennet;Trei;10.05.1998;kennet.trei;kennet.trei@asutus.com
Sirly;Kass;28.12.1993;sirly.kass;sirly.kass@asutus.com
Tambet;Rätsep;27.10.1994;tambet.ratsep;tambet.ratsep@asutus.com
Susanna;Klaas;30.03.1994;susanna.klaas;susanna.klaas@asutus.com
Remi;Melnik;08.04.1993;remi.melnik;remi.melnik@asutus.com
Meelika;Sikorski;15.04.1996;meelika.sikorski;meelika.sikorski@asutus.com
Annika;Mägi;19.04.1990;annika.magi;annika.magi@asutus.com
Maarika;Kolesnik;11.07.1991;maarika.kolesnik;maarika.kolesnik@asutus.com
Reigo;Kohv;07.06.1995;reigo.kohv;reigo.kohv@asutus.com
Olev;Kiis;11.04.1999;olev.kiis;olev.kiis@asutus.com
Kirsti;Vinogradov;04.03.1999;kirsti.vinogradov;kirsti.vinogradov@asutus.com
Annabella;Põldma;28.10.1994;annabella.poldma;annabella.poldma@asutus.com
Daisi;Kasemaa;28.01.1993;daisi.kasemaa;daisi.kasemaa@asutus.com
Marge;Tarassov;12.01.1994;marge.tarassov;marge.tarassov@asutus.com
Kristine;Sillaots;27.07.1993;kristine.sillaots;kristine.sillaots@asutus.com
Niina;Reinsalu;31.08.1995;niina.reinsalu;niina.reinsalu@asutus.com
Janika;Mõttus;26.08.1992;janika.mottus;janika.mottus@asutus.com
Heleriin;Villemson;20.10.1994;heleriin.villemson;heleriin.villemson@asutus.com
Kaili;Moroz;01.01.1994;kaili.moroz;kaili.moroz@asutus.com
Hanna-Maria;Peterson;24.12.1992;hannamaria.peterson;hannamaria.peterson@asutus.com
Jevgenija;Aun;27.11.1990;jevgenija.aun;jevgenija.aun@asutus.com
Arko;Olesk;01.11.1996;arko.olesk;arko.olesk@asutus.com
Helena;Mäesalu;20.07.1990;helena.maesalu;helena.maesalu@asutus.com
Juss;Aakre;23.01.1995;juss.aakre;juss.aakre@asutus.com
Getriin;Erm;23.08.1993;getriin.erm;getriin.erm@asutus.com
Karl Kevin;Vahter;25.01.1994;karlkevin.vahter;karlkevin.vahter@asutus.com
Minna;Meister;11.04.1991;minna.meister;minna.meister@asutus.com
Harri;Bogdanov;27.07.1992;harri.bogdanov;harri.bogdanov@asutus.com
Jaagup;Pihelgas;22.03.1997;jaagup.pihelgas;jaagup.pihelgas@asutus.com
Lii;Hansen;25.04.1995;lii.hansen;lii.hansen@asutus.com
Ingvar;Lokk;05.04.1995;ingvar.lokk;ingvar.lokk@asutus.com
Gerttu;Fedorov;27.11.1990;gerttu.fedorov;gerttu.fedorov@asutus.com
Mona;Rätsep;19.09.1993;mona.ratsep;mona.ratsep@asutus.com
Teili;Parts;26.12.1999;teili.parts;teili.parts@asutus.com
Maiken;Roosileht;17.03.1990;maiken.roosileht;maiken.roosileht@asutus.com
Ago;Jarvis;30.08.1993;ago.jarvis;ago.jarvis@asutus.com
Stiven;Järvesaar;24.11.1999;stiven.jarvesaar;stiven.jarvesaar@asutus.com
Lidia;Randoja;27.09.1997;lidia.randoja;lidia.randoja@asutus.com
Daniella;Grigorieva;25.10.1992;daniella.grigorieva;daniella.grigorieva@asutus.com
Emili;Sööt;01.07.1995;emili.soot;emili.soot@asutus.com
Jegor;Petrov;21.10.1995;jegor.petrov;jegor.petrov@asutus.com
Veera;Reinsalu;17.12.1996;veera.reinsalu;veera.reinsalu@asutus.com
Karl Markus;Mikk;29.08.1996;karlmarkus.mikk;karlmarkus.mikk@asutus.com
Karlis;Miller;03.11.1991;karlis.miller;karlis.miller@asutus.com
Kaidi;Koort;11.04.1994;kaidi.koort;kaidi.koort@asutus.com
Yury;Raudsepp;30.04.1994;yury.raudsepp;yury.raudsepp@asutus.com
Ronaldo;Erik;06.06.1995;ronaldo.erik;ronaldo.erik@asutus.com
Mariliis;Treier;01.05.1997;mariliis.treier;mariliis.treier@asutus.com
Killu;Tammet;11.11.1991;killu.tammet;killu.tammet@asutus.com
Luisa;Kapp;14.12.1997;luisa.kapp;luisa.kapp@asutus.com
Juliana;Kesküla;08.01.1990;juliana.keskula;juliana.keskula@asutus.com
Brittany;Žuravljov;25.11.1995;brittany.zuravljov;brittany.zuravljov@asutus.com
Frederik;Mändla;22.11.1999;frederik.mandla;frederik.mandla@asutus.com
Eerika;Liiv;13.11.1998;eerika.liiv;eerika.liiv@asutus.com
Caroly;Raamat;29.06.1993;caroly.raamat;caroly.raamat@asutus.com
Oliivia;Talts;27.01.1992;oliivia.talts;oliivia.talts@asutus.com
Matti;Tammik;30.08.1999;matti.tammik;matti.tammik@asutus.com
Mati;Lipp;03.05.1991;mati.lipp;mati.lipp@asutus.com
Tauno;Luik;28.08.1995;tauno.luik;tauno.luik@asutus.com
Karol;Jalakas;29.01.1994;karol.jalakas;karol.jalakas@asutus.com
Aimar;Tiits;14.09.1996;aimar.tiits;aimar.tiits@asutus.com
Andris;Nurm;12.12.1995;andris.nurm;andris.nurm@asutus.com
Kalle;Kink;10.12.1993;kalle.kink;kalle.kink@asutus.com
Reigo;Luiga;01.09.1991;reigo.luiga;reigo.luiga@asutus.com
Gea;Salumäe;01.11.1992;gea.salumae;gea.salumae@asutus.com
Daniel;Raud;26.01.1998;daniel.raud;daniel.raud@asutus.com
Helerin;Bogdanov;18.07.1993;helerin.bogdanov;helerin.bogdanov@asutus.com
Aveli;Rohtla;02.10.1991;aveli.rohtla;aveli.rohtla@asutus.com
Lauren;Järv;17.02.1994;lauren.jarv;lauren.jarv@asutus.com
Kaire;Anderson;10.08.1999;kaire.anderson;kaire.anderson@asutus.com
Helerin;Müürsepp;25.02.1991;helerin.muursepp;helerin.muursepp@asutus.com
Remi;Annus;27.05.1997;remi.annus;remi.annus@asutus.com
Uljana;Kalm;24.03.1997;uljana.kalm;uljana.kalm@asutus.com
Leonid;Pettai;15.04.1999;leonid.pettai;leonid.pettai@asutus.com
Innar;Heinsoo;04.03.1991;innar.heinsoo;innar.heinsoo@asutus.com
Harry;Jarvis;28.08.1993;harry.jarvis;harry.jarvis@asutus.com
Ago;Vaino;22.03.1995;ago.vaino;ago.vaino@asutus.com
Iti;Pettai;15.05.1997;iti.pettai;iti.pettai@asutus.com
Melissa;Sisask;25.03.1994;melissa.sisask;melissa.sisask@asutus.com
Evita;Nuut;09.01.1990;evita.nuut;evita.nuut@asutus.com
Jako;Täht;05.09.1996;jako.taht;jako.taht@asutus.com
Geidi;Lotman;21.02.1991;geidi.lotman;geidi.lotman@asutus.com
Magnus;Raja;01.07.1996;magnus.raja;magnus.raja@asutus.com
Olivia;Jermakov;06.07.1996;olivia.jermakov;olivia.jermakov@asutus.com
Armo;Rosenberg;26.07.1994;armo.rosenberg;armo.rosenberg@asutus.com
Chris;Zahharov;28.12.1994;chris.zahharov;chris.zahharov@asutus.com
Mihkel;Palm;13.07.1995;mihkel.palm;mihkel.palm@asutus.com
Vsevolod;Suvi;30.08.1991;vsevolod.suvi;vsevolod.suvi@asutus.com
Tauno;Raja;25.03.1996;tauno.raja;tauno.raja@asutus.com
Tanel;Vaher;07.03.1995;tanel.vaher;tanel.vaher@asutus.com
Mariliis;Järv;28.09.1995;mariliis.jarv;mariliis.jarv@asutus.com
Anne;Sarapuu;20.07.1999;anne.sarapuu;anne.sarapuu@asutus.com
Gea;Eller;04.03.1990;gea.eller;gea.eller@asutus.com
Toomas;Johanson;01.04.1996;toomas.johanson;toomas.johanson@asutus.com
Keiri;Rosenberg;19.11.1994;keiri.rosenberg;keiri.rosenberg@asutus.com
Armand;Heinsalu;21.09.1997;armand.heinsalu;armand.heinsalu@asutus.com
Berit;Fedorov;23.05.1999;berit.fedorov;berit.fedorov@asutus.com
Jüri;Powell;07.02.1999;juri.powell;juri.powell@asutus.com
Raivo;Pärtel;05.03.1997;raivo.partel;raivo.partel@asutus.com
Tatiana;Zaitsev;01.10.1992;tatiana.zaitsev;tatiana.zaitsev@asutus.com
Minna;Remmel;23.03.1995;minna.remmel;minna.remmel@asutus.com
Gerdo;Viks;02.01.1994;gerdo.viks;gerdo.viks@asutus.com
Karolina;Nuut;05.07.1993;karolina.nuut;karolina.nuut@asutus.com
Kaire;Kuusik;27.06.1994;kaire.kuusik;kaire.kuusik@asutus.com
Johanna;Ploom;26.01.1997;johanna.ploom;johanna.ploom@asutus.com
Joonatan;Annus;24.11.1993;joonatan.annus;joonatan.annus@asutus.com
Brittany;Popov;30.09.1998;brittany.popov;brittany.popov@asutus.com
Renet;Suvorov;02.10.1990;renet.suvorov;renet.suvorov@asutus.com
Mart;Uus;05.10.1998;mart.uus;mart.uus@asutus.com
Arabella;Markson;08.02.1995;arabella.markson;arabella.markson@asutus.com
Loora;Vaher;10.09.1990;loora.vaher;loora.vaher@asutus.com
Sven;Lipp;27.10.1991;sven.lipp;sven.lipp@asutus.com
Anfissa;Koger;18.08.1999;anfissa.koger;anfissa.koger@asutus.com
Sirli;Saare;10.11.1992;sirli.saare;sirli.saare@asutus.com
Hans;Kant;22.09.1997;hans.kant;hans.kant@asutus.com
Agnes;Mändla;19.01.1992;agnes.mandla;agnes.mandla@asutus.com
Kaire;Liivak;01.07.1994;kaire.liivak;kaire.liivak@asutus.com
Mattis;Makarov;17.03.1994;mattis.makarov;mattis.makarov@asutus.com
Karl Jakob;Gavrilov;24.03.1995;karljakob.gavrilov;karljakob.gavrilov@asutus.com
Renate;Aasa;29.10.1993;renate.aasa;renate.aasa@asutus.com
Izabella;Härm;21.08.1997;izabella.harm;izabella.harm@asutus.com
Heiki;Kärner;09.11.1996;heiki.karner;heiki.karner@asutus.com
Valentin;Martin;12.04.1992;valentin.martin;valentin.martin@asutus.com
Andre;Hunt;09.10.1998;andre.hunt;andre.hunt@asutus.com
Albina;Markus;23.05.1994;albina.markus;albina.markus@asutus.com
Sten-Erik;Järvekülg;16.07.1991;stenerik.jarvekulg;stenerik.jarvekulg@asutus.com
Kalle;Laanemets;15.06.1994;kalle.laanemets;kalle.laanemets@asutus.com
Iris;Tuul;31.08.1998;iris.tuul;iris.tuul@asutus.com
Freddy;Mitt;12.05.1991;freddy.mitt;freddy.mitt@asutus.com
Andris;Powell;27.07.1994;andris.powell;andris.powell@asutus.com
Raul;Lunin;02.07.1993;raul.lunin;raul.lunin@asutus.com
Ranar;Kiis;24.07.1999;ranar.kiis;ranar.kiis@asutus.com
Arseni;Kalamees;07.02.1996;arseni.kalamees;arseni.kalamees@asutus.com
Kerti;Suur;07.12.1991;kerti.suur;kerti.suur@asutus.com
Rainis;Hein;24.11.1996;rainis.hein;rainis.hein@asutus.com
Kaidi;Ploom;04.12.1990;kaidi.ploom;kaidi.ploom@asutus.com
Morten;Mann;03.06.1996;morten.mann;morten.mann@asutus.com
Aljona;Loginov;11.05.1992;aljona.loginov;aljona.loginov@asutus.com
Rivo;Naumov;15.03.1991;rivo.naumov;rivo.naumov@asutus.com
Reimo;Täht;18.05.1993;reimo.taht;reimo.taht@asutus.com
Melany;Valge;14.05.1993;melany.valge;melany.valge@asutus.com
Tanel;Allas;08.11.1992;tanel.allas;tanel.allas@asutus.com
Veroonika;Maslov;06.12.1990;veroonika.maslov;veroonika.maslov@asutus.com
Reigo;Sikorski;29.11.1994;reigo.sikorski;reigo.sikorski@asutus.com
Anu;Kask;14.07.1993;anu.kask;anu.kask@asutus.com
Raivo;Kilk;01.05.1998;raivo.kilk;raivo.kilk@asutus.com
Inger;Kõiv;01.07.1994;inger.koiv;inger.koiv@asutus.com
Remi;Koort;25.06.1998;remi.koort;remi.koort@asutus.com
Heinrich;Rein;17.10.1990;heinrich.rein;heinrich.rein@asutus.com
Ellen;Valge;30.09.1990;ellen.valge;ellen.valge@asutus.com
Jan Erik;Lauri;01.07.1999;janerik.lauri;janerik.lauri@asutus.com
Jan Markus;Piirsalu;14.10.1995;janmarkus.piirsalu;janmarkus.piirsalu@asutus.com
Auli;Kurm;12.11.1995;auli.kurm;auli.kurm@asutus.com
Tobias;Vares;12.02.1991;tobias.vares;tobias.vares@asutus.com
Marek;Järvesaar;01.03.1991;marek.jarvesaar;marek.jarvesaar@asutus.com
Dmitri;Põdra;02.12.1996;dmitri.podra;dmitri.podra@asutus.com
Tanel;Kurg;12.08.1998;tanel.kurg;tanel.kurg@asutus.com
Matis;Green;05.01.1991;matis.green;matis.green@asutus.com
Alvar;Uus;03.09.1998;alvar.uus;alvar.uus@asutus.com
Johann;Abel;11.07.1991;johann.abel;johann.abel@asutus.com
August;Johanson;09.05.1998;august.johanson;august.johanson@asutus.com
Stenver;Kalamees;18.02.1995;stenver.kalamees;stenver.kalamees@asutus.com
Rivo;Makarov;15.04.1992;rivo.makarov;rivo.makarov@asutus.com
Kairo;Hansen;17.04.1997;kairo.hansen;kairo.hansen@asutus.com
Margaret;Kelder;26.09.1990;margaret.kelder;margaret.kelder@asutus.com
Sirle;Merila;19.04.1999;sirle.merila;sirle.merila@asutus.com
Annabella;Rein;11.11.1990;annabella.rein;annabella.rein@asutus.com
Gregori;Iljin;09.02.1996;gregori.iljin;gregori.iljin@asutus.com
Mariana;Palu;04.09.1992;mariana.palu;mariana.palu@asutus.com
Aron;Adamson;06.11.1990;aron.adamson;aron.adamson@asutus.com
Dagmar;Bogdanov;02.05.1997;dagmar.bogdanov;dagmar.bogdanov@asutus.com
Helina;Sikorski;29.12.1992;helina.sikorski;helina.sikorski@asutus.com
Magnar;Hansen;23.04.1994;magnar.hansen;magnar.hansen@asutus.com
Keity;Lepp;22.11.1992;keity.lepp;keity.lepp@asutus.com
Keijo;Aasa;17.03.1990;keijo.aasa;keijo.aasa@asutus.com
Agris;Lukk;22.01.1991;agris.lukk;agris.lukk@asutus.com
Marelle;Jürgenson;30.10.1999;marelle.jurgenson;marelle.jurgenson@asutus.com
Lidia;Kadak;27.03.1997;lidia.kadak;lidia.kadak@asutus.com
Liisu;Mihhailov;23.06.1991;liisu.mihhailov;liisu.mihhailov@asutus.com
Olari;Palu;04.02.1995;olari.palu;olari.palu@asutus.com
Katriin;Suvorov;15.01.1994;katriin.suvorov;katriin.suvorov@asutus.com
Morten;Borissov;03.12.1998;morten.borissov;morten.borissov@asutus.com
Britta;Loginov;12.10.1996;britta.loginov;britta.loginov@asutus.com
Varvara;Anderson;27.01.1991;varvara.anderson;varvara.anderson@asutus.com
Deivid;Abderhalden;13.02.1997;deivid.abderhalden;deivid.abderhalden@asutus.com
Amanda;Prikk;22.08.1995;amanda.prikk;amanda.prikk@asutus.com
Jako;Lumiste;18.06.1994;jako.lumiste;jako.lumiste@asutus.com
Magnus;Anissimov;23.02.1992;magnus.anissimov;magnus.anissimov@asutus.com
Adelina;Lõhmus;09.01.1997;adelina.lohmus;adelina.lohmus@asutus.com
Albina;Mäesalu;15.03.1992;albina.maesalu;albina.maesalu@asutus.com
Edgar;Pärna;10.10.1998;edgar.parna;edgar.parna@asutus.com
Elina;Lebedev;11.09.1998;elina.lebedev;elina.lebedev@asutus.com
Ester;Bogdanov;12.02.1990;ester.bogdanov;ester.bogdanov@asutus.com
Renar;Fomin;18.06.1991;renar.fomin;renar.fomin@asutus.com
Heiko;Jõesaar;20.09.1998;heiko.joesaar;heiko.joesaar@asutus.com
Sanna;Kivimäe;14.03.1995;sanna.kivimae;sanna.kivimae@asutus.com
Risto;Anderson;06.09.1994;risto.anderson;risto.anderson@asutus.com
Grigori;Voronin;19.01.1998;grigori.voronin;grigori.voronin@asutus.com
Valentin;Kaljuvee;31.01.1998;valentin.kaljuvee;valentin.kaljuvee@asutus.com
Sirly;Liivak;26.03.1999;sirly.liivak;sirly.liivak@asutus.com
Ago;Konstantinov;28.05.1996;ago.konstantinov;ago.konstantinov@asutus.com
Mattis;Vaher;01.04.1997;mattis.vaher;mattis.vaher@asutus.com
Laura-Liis;Zahharov;06.12.1999;lauraliis.zahharov;lauraliis.zahharov@asutus.com
Marion;Kuus;09.10.1994;marion.kuus;marion.kuus@asutus.com
Katri;Kasak;15.05.1994;katri.kasak;katri.kasak@asutus.com
Kristo;Jeršov;07.11.1994;kristo.jersov;kristo.jersov@asutus.com
Lii;Remmel;22.05.1993;lii.remmel;lii.remmel@asutus.com
Rostislav;Rumjantsev;16.04.1997;rostislav.rumjantsev;rostislav.rumjantsev@asutus.com
Keily;Sobolev;08.06.1990;keily.sobolev;keily.sobolev@asutus.com
Kregor;Kivimäe;15.12.1996;kregor.kivimae;kregor.kivimae@asutus.com
Greete;Gross;05.03.1993;greete.gross;greete.gross@asutus.com
Evita;Kull;25.10.1999;evita.kull;evita.kull@asutus.com
Ivo;Gerassimov;30.01.1996;ivo.gerassimov;ivo.gerassimov@asutus.com
Stepan;Rüütel;28.06.1998;stepan.ruutel;stepan.ruutel@asutus.com
Astrid;Jegorov;13.01.1997;astrid.jegorov;astrid.jegorov@asutus.com
Merlin;Kesküla;06.08.1999;merlin.keskula;merlin.keskula@asutus.com
Rebeka;Kalm;19.02.1990;rebeka.kalm;rebeka.kalm@asutus.com
Christofer;Kondratjev;28.06.1994;christofer.kondratjev;christofer.kondratjev@asutus.com
Evita;Lindgren;08.07.1992;evita.lindgren;evita.lindgren@asutus.com
Getriin;Loorits;14.02.1998;getriin.loorits;getriin.loorits@asutus.com
Ann;Nõmmik;30.06.1995;ann.nommik;ann.nommik@asutus.com
Sophia;Kissa;31.08.1996;sophia.kissa;sophia.kissa@asutus.com
Karolin;Roos;22.08.1992;karolin.roos;karolin.roos@asutus.com
Urmas;Mironov;26.11.1991;urmas.mironov;urmas.mironov@asutus.com
Mart;Puusepp;08.05.1991;mart.puusepp;mart.puusepp@asutus.com
Kaari;Kangur;23.06.1997;kaari.kangur;kaari.kangur@asutus.com
Siret;Kaljuvee;15.08.1996;siret.kaljuvee;siret.kaljuvee@asutus.com
Ruslan;Mäe;19.08.1992;ruslan.mae;ruslan.mae@asutus.com
Roberta;Randoja;25.03.1998;roberta.randoja;roberta.randoja@asutus.com
Anastasija;Jakovlev;22.03.1995;anastasija.jakovlev;anastasija.jakovlev@asutus.com
Pavel;Kaasik;10.10.1996;pavel.kaasik;pavel.kaasik@asutus.com
Kristen;Kostin;12.10.1997;kristen.kostin;kristen.kostin@asutus.com
Mark;Melnik;14.01.1999;mark.melnik;mark.melnik@asutus.com
Marleen;Merisaar;08.07.1994;marleen.merisaar;marleen.merisaar@asutus.com
Lars;Mandel;06.08.1999;lars.mandel;lars.mandel@asutus.com
Sergey;Siim;14.05.1999;sergey.siim;sergey.siim@asutus.com
Karolin;Kondratjev;10.06.1995;karolin.kondratjev;karolin.kondratjev@asutus.com
Ilya;Lill;20.09.1990;ilya.lill;ilya.lill@asutus.com
Kertu;Pärnpuu;27.10.1992;kertu.parnpuu;kertu.parnpuu@asutus.com
Andrei;Arula;15.11.1993;andrei.arula;andrei.arula@asutus.com
Taavet;Viik;09.07.1994;taavet.viik;taavet.viik@asutus.com
Janari;Kiil;22.05.1995;janari.kiil;janari.kiil@asutus.com
Sven;Rosenberg;26.05.1995;sven.rosenberg;sven.rosenberg@asutus.com
Sirly;Org;18.02.1995;sirly.org;sirly.org@asutus.com
Artur;Klaas;19.08.1993;artur.klaas;artur.klaas@asutus.com
Olivia;Pulk;16.01.1997;olivia.pulk;olivia.pulk@asutus.com
Natalja;Pihelgas;22.12.1996;natalja.pihelgas;natalja.pihelgas@asutus.com
Reti;Gerassimov;26.06.1994;reti.gerassimov;reti.gerassimov@asutus.com
Timofei;Trei;16.07.1992;timofei.trei;timofei.trei@asutus.com
Keiu;Roosileht;07.09.1991;keiu.roosileht;keiu.roosileht@asutus.com
Mart;Kalamees;13.04.1990;mart.kalamees;mart.kalamees@asutus.com
Daria;Jeršov;05.09.1996;daria.jersov;daria.jersov@asutus.com
Ronald;Kruglov;31.01.1992;ronald.kruglov;ronald.kruglov@asutus.com
Loore;Kohv;07.07.1992;loore.kohv;loore.kohv@asutus.com
Julius;Kapp;03.07.1999;julius.kapp;julius.kapp@asutus.com
Vassili;Mitt;04.08.1999;vassili.mitt;vassili.mitt@asutus.com
Grethel;Volkov;10.08.1999;grethel.volkov;grethel.volkov@asutus.com
Anna Maria;Kuus;25.07.1994;annamaria.kuus;annamaria.kuus@asutus.com
Priit;Kool;12.05.1994;priit.kool;priit.kool@asutus.com
Ervin;Kaljuvee;08.12.1991;ervin.kaljuvee;ervin.kaljuvee@asutus.com
Ivar;Karu;27.11.1993;ivar.karu;ivar.karu@asutus.com
Arko;Kull;27.10.1998;arko.kull;arko.kull@asutus.com
Andero;Loorits;21.05.1995;andero.loorits;andero.loorits@asutus.com
Meelis;Luht;01.05.1997;meelis.luht;meelis.luht@asutus.com
Feliks;Püvi;09.01.1996;feliks.puvi;feliks.puvi@asutus.com
Alexander;Mägi;22.07.1992;alexander.magi;alexander.magi@asutus.com
Karoli;Nurk;03.06.1994;karoli.nurk;karoli.nurk@asutus.com
Nataly;Aasmäe;29.05.1990;nataly.aasmae;nataly.aasmae@asutus.com
Nils;Davõdov;26.05.1994;nils.davodov;nils.davodov@asutus.com
Kennet;Kont;27.08.1991;kennet.kont;kennet.kont@asutus.com
Jörgen;Lukk;09.05.1991;jorgen.lukk;jorgen.lukk@asutus.com
Kirke;Adamson;25.03.1990;kirke.adamson;kirke.adamson@asutus.com
Vanessa;Kuusk;17.05.1991;vanessa.kuusk;vanessa.kuusk@asutus.com
Martha;Pihlak;15.03.1990;martha.pihlak;martha.pihlak@asutus.com
Leonard;Suits;16.07.1991;leonard.suits;leonard.suits@asutus.com
Kaja;Komarov;06.04.1997;kaja.komarov;kaja.komarov@asutus.com
Kerli;Org;22.08.1998;kerli.org;kerli.org@asutus.com
Ian;Konovalov;01.04.1994;ian.konovalov;ian.konovalov@asutus.com
Artemi;Matvejev;24.12.1991;artemi.matvejev;artemi.matvejev@asutus.com
Reivo;Kostin;02.08.1993;reivo.kostin;reivo.kostin@asutus.com
Kati;Mandel;09.11.1994;kati.mandel;kati.mandel@asutus.com
Nikolay;Aasmäe;07.11.1991;nikolay.aasmae;nikolay.aasmae@asutus.com
Hannabel;Roots;30.08.1998;hannabel.roots;hannabel.roots@asutus.com
Patricia;Jefimov;05.12.1999;patricia.jefimov;patricia.jefimov@asutus.com
Trinity;Toom;28.04.1991;trinity.toom;trinity.toom@asutus.com
Marko;Roots;03.10.1998;marko.roots;marko.roots@asutus.com
Martti;Anton;01.11.1999;martti.anton;martti.anton@asutus.com
Timofei;Püvi;27.03.1997;timofei.puvi;timofei.puvi@asutus.com
Ralf;Kozlov;22.08.1997;ralf.kozlov;ralf.kozlov@asutus.com
Antti;Orlov;22.02.1991;antti.orlov;antti.orlov@asutus.com
Emeri;Kont;10.06.1996;emeri.kont;emeri.kont@asutus.com
Kevin;Pajula;08.04.1995;kevin.pajula;kevin.pajula@asutus.com
Annaliisa;Raja;11.08.1993;annaliisa.raja;annaliisa.raja@asutus.com
Janelle;Bell;11.10.1995;janelle.bell;janelle.bell@asutus.com
Nele-Liis;Tomson;15.01.1994;neleliis.tomson;neleliis.tomson@asutus.com
Kaili;Pärnpuu;25.11.1993;kaili.parnpuu;kaili.parnpuu@asutus.com
Elisa;Kaur;28.09.1990;elisa.kaur;elisa.kaur@asutus.com
Keven;Solovjov;02.12.1991;keven.solovjov;keven.solovjov@asutus.com
Igor;Powell;30.10.1993;igor.powell;igor.powell@asutus.com
Kenneth;Liivamägi;25.03.1996;kenneth.liivamagi;kenneth.liivamagi@asutus.com
Gretel;Makarov;18.06.1996;gretel.makarov;gretel.makarov@asutus.com
Kaur;Konovalov;03.07.1990;kaur.konovalov;kaur.konovalov@asutus.com
Egon;Erm;13.03.1995;egon.erm;egon.erm@asutus.com
Kerttu;Maripuu;30.06.1999;kerttu.maripuu;kerttu.maripuu@asutus.com
Alice;Kärner;16.03.1995;alice.karner;alice.karner@asutus.com
Aivar;Kolk;01.03.1991;aivar.kolk;aivar.kolk@asutus.com
Toivo;Sikorski;12.08.1999;toivo.sikorski;toivo.sikorski@asutus.com
Mike;Laht;01.06.1998;mike.laht;mike.laht@asutus.com
Victoria;Lillemets;12.04.1991;victoria.lillemets;victoria.lillemets@asutus.com
Aire;Klaas;07.10.1995;aire.klaas;aire.klaas@asutus.com
Greete;Palm;13.11.1998;greete.palm;greete.palm@asutus.com
Keimo;Orlov;14.09.1998;keimo.orlov;keimo.orlov@asutus.com
Lembit;Kaljula;03.10.1997;lembit.kaljula;lembit.kaljula@asutus.com
Deniss;Kurg;16.06.1995;deniss.kurg;deniss.kurg@asutus.com
Maarja;Baskin;19.07.1997;maarja.baskin;maarja.baskin@asutus.com
Kristella;Tamberg;05.11.1990;kristella.tamberg;kristella.tamberg@asutus.com
Ranno;Sepp;15.02.1990;ranno.sepp;ranno.sepp@asutus.com
Karl Kristjan;Kalinin;05.09.1995;karlkristjan.kalinin;karlkristjan.kalinin@asutus.com
Rando;Danilov;29.12.1990;rando.danilov;rando.danilov@asutus.com
Liana;Hanson;06.09.1990;liana.hanson;liana.hanson@asutus.com
Natalja;Kodres;03.04.1991;natalja.kodres;natalja.kodres@asutus.com
Grethel;Kangro;06.06.1995;grethel.kangro;grethel.kangro@asutus.com
Anna Liisa;Malõšev;31.01.1996;annaliisa.malosev;annaliisa.malosev@asutus.com
Merlyn;Juhanson;19.12.1996;merlyn.juhanson;merlyn.juhanson@asutus.com
Ronja;Golubev;06.10.1990;ronja.golubev;ronja.golubev@asutus.com
Jana;Tõnisson;27.01.1995;jana.tonisson;jana.tonisson@asutus.com
Karol;Lapin;03.03.1996;karol.lapin;karol.lapin@asutus.com
Kevin;Uustalu;24.06.1994;kevin.uustalu;kevin.uustalu@asutus.com
Mailis;Hõbe;07.06.1995;mailis.hobe;mailis.hobe@asutus.com
Harry;Friedman;25.07.1995;harry.friedman;harry.friedman@asutus.com
Klim;Kallas;22.12.1996;klim.kallas;klim.kallas@asutus.com
Mai-Liis;Kiis;10.03.1991;mailiis.kiis;mailiis.kiis@asutus.com
Kirke;Kaljuste;09.05.1998;kirke.kaljuste;kirke.kaljuste@asutus.com
Marco;Rebane;29.05.1996;marco.rebane;marco.rebane@asutus.com
Margaret;Moroz;15.07.1993;margaret.moroz;margaret.moroz@asutus.com
Ruslan;Mihhailov;26.08.1996;ruslan.mihhailov;ruslan.mihhailov@asutus.com
Tairo;Rätsep;12.11.1999;tairo.ratsep;tairo.ratsep@asutus.com
Anastasija;Muru;06.09.1994;anastasija.muru;anastasija.muru@asutus.com
Hugo;Kallaste;22.09.1999;hugo.kallaste;hugo.kallaste@asutus.com
Jarek;Teras;04.07.1992;jarek.teras;jarek.teras@asutus.com
Heli;Kriisa;25.04.1995;heli.kriisa;heli.kriisa@asutus.com
Sigrid;Parts;01.11.1997;sigrid.parts;sigrid.parts@asutus.com
Karita;Vlassov;08.02.1996;karita.vlassov;karita.vlassov@asutus.com
Taivo;Laas;16.04.1998;taivo.laas;taivo.laas@asutus.com
Eleanora;Annus;23.07.1996;eleanora.annus;eleanora.annus@asutus.com
Eleonora;Lomp;06.06.1992;eleonora.lomp;eleonora.lomp@asutus.com
Marje;Andreev;23.08.1999;marje.andreev;marje.andreev@asutus.com
Agris;Andreev;13.12.1998;agris.andreev;agris.andreev@asutus.com
Eliisabet;Toom;21.02.1996;eliisabet.toom;eliisabet.toom@asutus.com
Laura;Kuusik;23.01.1995;laura.kuusik;laura.kuusik@asutus.com
Maria;Pärnpuu;02.12.1991;maria.parnpuu;maria.parnpuu@asutus.com
Leanika;Palm;03.12.1991;leanika.palm;leanika.palm@asutus.com
Henrik;Jõesaar;17.07.1993;henrik.joesaar;henrik.joesaar@asutus.com
Helena;Saare;22.07.1997;helena.saare;helena.saare@asutus.com
Marilyn;Tammet;13.10.1990;marilyn.tammet;marilyn.tammet@asutus.com
Kaja;Nikolaev;20.06.1993;kaja.nikolaev;kaja.nikolaev@asutus.com
Loore;Kuningas;07.11.1990;loore.kuningas;loore.kuningas@asutus.com
Simona;Pikk;14.07.1998;simona.pikk;simona.pikk@asutus.com
Viktoria;Valge;14.09.1997;viktoria.valge;viktoria.valge@asutus.com
Elery;Lukk;23.05.1990;elery.lukk;elery.lukk@asutus.com
Kalle;Mercklin;11.11.1992;kalle.mercklin;kalle.mercklin@asutus.com
Enely;Lebedev;20.03.1991;enely.lebedev;enely.lebedev@asutus.com
Valentin;Kivilo;14.08.1993;valentin.kivilo;valentin.kivilo@asutus.com
Tristan;Kalamees;14.12.1997;tristan.kalamees;tristan.kalamees@asutus.com
Sulev;Filippov;17.08.1991;sulev.filippov;sulev.filippov@asutus.com
Anu;Lass;30.06.1999;anu.lass;anu.lass@asutus.com
Aksel;Mäe;12.10.1994;aksel.mae;aksel.mae@asutus.com
Sigmar;Pärna;16.06.1994;sigmar.parna;sigmar.parna@asutus.com
Maidu;Allik;13.02.1996;maidu.allik;maidu.allik@asutus.com
Brigita;Frolov;01.07.1997;brigita.frolov;brigita.frolov@asutus.com
Kristian;Tuul;19.12.1998;kristian.tuul;kristian.tuul@asutus.com
Danil;Melnik;09.01.1994;danil.melnik;danil.melnik@asutus.com
Emili;Viik;08.12.1991;emili.viik;emili.viik@asutus.com
Ramon;Vares;16.07.1997;ramon.vares;ramon.vares@asutus.com
Roomet;Annus;24.11.1998;roomet.annus;roomet.annus@asutus.com
Ene;Kukk;08.09.1999;ene.kukk;ene.kukk@asutus.com
Margo;Õunapuu;08.03.1998;margo.ounapuu;margo.ounapuu@asutus.com
Sabrina;Eller;02.11.1995;sabrina.eller;sabrina.eller@asutus.com
Indra;Randoja;20.04.1999;indra.randoja;indra.randoja@asutus.com
Risto;Mädamürk;24.06.1996;risto.madamurk;risto.madamurk@asutus.com
Angelika;Luiga;21.10.1994;angelika.luiga;angelika.luiga@asutus.com
Alondra;Kodres;29.10.1995;alondra.kodres;alondra.kodres@asutus.com
Mikk;Kozlov;15.07.1997;mikk.kozlov;mikk.kozlov@asutus.com
Mariliis;Timofejev;22.06.1993;mariliis.timofejev;mariliis.timofejev@asutus.com
Inna;Kool;08.08.1990;inna.kool;inna.kool@asutus.com
Melani;Õispuu;08.01.1992;melani.oispuu;melani.oispuu@asutus.com
Vanessa;Käsper;30.10.1997;vanessa.kasper;vanessa.kasper@asutus.com
Anders;Žuravljov;23.12.1993;anders.zuravljov;anders.zuravljov@asutus.com
Holger;Nõmmik;29.05.1997;holger.nommik;holger.nommik@asutus.com
Natali;Danilov;20.02.1999;natali.danilov;natali.danilov@asutus.com
Jorgen;Aus;03.07.1996;jorgen.aus;jorgen.aus@asutus.com
Kirill;Sulg;15.10.1992;kirill.sulg;kirill.sulg@asutus.com
Felix;Liivak;21.04.1991;felix.liivak;felix.liivak@asutus.com
Anett;Niit;16.11.1995;anett.niit;anett.niit@asutus.com
Anžela;Kruglov;11.02.1990;anzela.kruglov;anzela.kruglov@asutus.com
Ljubov;Luik;07.03.1992;ljubov.luik;ljubov.luik@asutus.com
Maidu;Reinsalu;01.02.1994;maidu.reinsalu;maidu.reinsalu@asutus.com
Angela;Uus;23.04.1993;angela.uus;angela.uus@asutus.com
Heino;Toom;21.08.1993;heino.toom;heino.toom@asutus.com
Aurelia;Laas;13.04.1995;aurelia.laas;aurelia.laas@asutus.com
Carlos;Vaht;06.04.1994;carlos.vaht;carlos.vaht@asutus.com
Karoliine;Kaasik;11.12.1991;karoliine.kaasik;karoliine.kaasik@asutus.com
Olivia;Kruglov;13.03.1992;olivia.kruglov;olivia.kruglov@asutus.com
Kerttu;Õunapuu;13.10.1995;kerttu.ounapuu;kerttu.ounapuu@asutus.com
Kaimar;Ignatjev;04.09.1998;kaimar.ignatjev;kaimar.ignatjev@asutus.com
Eleri;Õunapuu;25.04.1999;eleri.ounapuu;eleri.ounapuu@asutus.com
Marta;Trei;05.10.1995;marta.trei;marta.trei@asutus.com
Andri;Saveljev;07.01.1993;andri.saveljev;andri.saveljev@asutus.com
Liisa Maria;Oras;19.08.1997;liisamaria.oras;liisamaria.oras@asutus.com
Karl Oskar;Aasa;02.10.1995;karloskar.aasa;karloskar.aasa@asutus.com
Jevgeni;Liblik;12.11.1994;jevgeni.liblik;jevgeni.liblik@asutus.com
Marge;Oras;28.05.1992;marge.oras;marge.oras@asutus.com
Eliza;Sild;25.07.1993;eliza.sild;eliza.sild@asutus.com
Aet;Lunin;11.12.1992;aet.lunin;aet.lunin@asutus.com
Keiti;Rosenberg;19.12.1999;keiti.rosenberg;keiti.rosenberg@asutus.com
Emma;Kolk;25.08.1990;emma.kolk;emma.kolk@asutus.com
Martin;Järv;14.03.1993;martin.jarv;martin.jarv@asutus.com
Merli;Sillaste;29.02.1996;merli.sillaste;merli.sillaste@asutus.com
Konstantin;Raidma;31.07.1997;konstantin.raidma;konstantin.raidma@asutus.com
Hannes;Hanson;22.03.1997;hannes.hanson;hannes.hanson@asutus.com
Elerin;Loorits;08.02.1995;elerin.loorits;elerin.loorits@asutus.com
Felix;Kangur;18.03.1997;felix.kangur;felix.kangur@asutus.com
Nadežda;Abbt;21.10.1995;nadezda.abbt;nadezda.abbt@asutus.com
Katri;Pihlak;27.11.1993;katri.pihlak;katri.pihlak@asutus.com
Renno;Kroon;13.09.1992;renno.kroon;renno.kroon@asutus.com
Rûta;Kļaviņš;31.12.1999;ruta.klavins;ruta.klavins@asutus.com
Elîza;Kalniņš;31.12.1999;eliza.kalnins;eliza.kalnins@asutus.com
Dārta;Bērziņš;31.12.1999;darta.berzins;darta.berzins@asutus.com
Šaša;Želežnjov;31.12.1999;sasa.zeleznjov;sasa.zeleznjov@asutus.com
